new_users,users_left,existing_users_before,existing_users_after,user_growth_rate,strategy_effectiveness
152,58,251,345,0.3745019920318725,positive
142,54,118,206,0.7457627118644068,positive
64,39,199,224,0.12562814070351758,average
156,25,159,290,0.8238993710691824,positive
121,49,266,338,0.2706766917293233,positive
70,28,301,343,0.13953488372093023,positive
152,27,444,569,0.28153153153153154,positive
171,10,245,406,0.6571428571428571,positive
124,87,263,300,0.14068441064638784,average
137,56,341,422,0.2375366568914956,positive
166,75,168,259,0.5416666666666666,positive
149,47,274,376,0.3722627737226277,positive
153,60,148,241,0.6283783783783784,positive
180,72,207,315,0.5217391304347826,positive
199,13,325,511,0.5723076923076923,positive
102,10,260,352,0.35384615384615387,positive
51,17,218,252,0.1559633027522936,positive
137,38,248,347,0.39919354838709675,positive
87,64,249,272,0.09236947791164658,average
179,12,392,559,0.4260204081632653,positive
70,41,242,271,0.11983471074380166,average
107,19,259,347,0.33976833976833976,positive
71,83,110,98,-0.10909090909090909,negative
138,92,237,283,0.1940928270042194,average
98,43,177,232,0.3107344632768362,positive
108,96,176,188,0.06818181818181818,average
64,64,353,353,0.0,average
100,41,357,416,0.16526610644257703,positive
157,59,419,517,0.23389021479713604,positive
104,16,390,478,0.22564102564102564,positive
113,17,362,458,0.26519337016574585,positive
180,74,184,290,0.5760869565217391,positive
100,66,245,279,0.13877551020408163,average
184,76,422,530,0.2559241706161137,positive
70,97,141,114,-0.19148936170212766,negative
122,96,473,499,0.05496828752642706,average
67,68,224,223,-0.004464285714285714,negative
181,81,266,366,0.37593984962406013,positive
138,63,340,415,0.22058823529411764,positive
109,76,379,412,0.0870712401055409,average
63,60,287,290,0.010452961672473868,average
58,17,401,442,0.10224438902743142,positive
139,43,118,214,0.8135593220338984,positive
102,44,167,225,0.3473053892215569,positive
179,97,317,399,0.2586750788643533,average
133,87,201,247,0.22885572139303484,average
141,41,141,241,0.7092198581560284,positive
160,55,387,492,0.2713178294573643,positive
57,25,266,298,0.12030075187969924,positive
84,77,208,215,0.03365384615384615,average
130,46,135,219,0.6222222222222222,positive
99,63,331,367,0.10876132930513595,average
153,94,328,387,0.1798780487804878,average
181,23,452,610,0.3495575221238938,positive
51,64,263,250,-0.049429657794676805,negative
183,57,486,612,0.25925925925925924,positive
103,91,172,184,0.06976744186046512,average
155,16,235,374,0.5914893617021276,positive
53,83,452,422,-0.06637168141592921,negative
103,16,478,565,0.18200836820083682,positive
195,42,169,322,0.9053254437869822,positive
93,32,295,356,0.20677966101694914,positive
63,94,368,337,-0.08423913043478261,negative
144,28,148,264,0.7837837837837838,positive
97,28,415,484,0.16626506024096385,positive
64,45,229,248,0.08296943231441048,average
89,38,104,155,0.49038461538461536,positive
131,69,126,188,0.49206349206349204,average
160,91,259,328,0.26640926640926643,average
102,11,248,339,0.36693548387096775,positive
73,10,363,426,0.17355371900826447,positive
173,56,329,446,0.3556231003039514,positive
90,78,299,311,0.04013377926421405,average
64,29,149,184,0.2348993288590604,positive
94,20,166,240,0.4457831325301205,positive
114,11,399,502,0.2581453634085213,positive
138,76,480,542,0.12916666666666668,average
120,96,157,181,0.15286624203821655,average
58,21,358,395,0.10335195530726257,positive
137,29,441,549,0.24489795918367346,positive
178,14,425,589,0.38588235294117645,positive
185,46,229,368,0.6069868995633187,positive
112,47,314,379,0.2070063694267516,positive
188,18,271,441,0.6273062730627307,positive
130,62,357,425,0.19047619047619047,positive
185,53,201,333,0.6567164179104478,positive
82,95,308,295,-0.04220779220779221,negative
172,33,390,529,0.3564102564102564,positive
54,90,453,417,-0.07947019867549669,negative
90,83,385,392,0.01818181818181818,average
77,39,215,253,0.17674418604651163,average
184,68,363,479,0.31955922865013775,positive
121,96,249,274,0.10040160642570281,average
61,90,399,370,-0.07268170426065163,negative
82,90,135,127,-0.05925925925925926,negative
97,23,432,506,0.1712962962962963,positive
111,18,386,479,0.24093264248704663,positive
86,49,402,439,0.09203980099502487,average
148,75,410,483,0.17804878048780487,average
153,34,307,426,0.38762214983713356,positive
84,82,205,207,0.00975609756097561,average
150,31,257,376,0.46303501945525294,positive
180,13,220,387,0.759090909090909,positive
50,35,154,169,0.09740259740259741,average
54,67,499,486,-0.026052104208416832,negative
191,38,111,264,1.3783783783783783,positive
152,96,244,300,0.22950819672131148,average
76,46,499,529,0.06012024048096192,average
186,84,495,597,0.20606060606060606,positive
64,79,235,220,-0.06382978723404255,negative
139,27,102,214,1.0980392156862746,positive
91,94,243,240,-0.012345679012345678,negative
173,51,129,251,0.9457364341085271,positive
112,50,336,398,0.18452380952380953,positive
145,47,378,476,0.25925925925925924,positive
101,43,447,505,0.1297539149888143,positive
145,26,214,333,0.5560747663551402,positive
181,46,203,338,0.6650246305418719,positive
192,34,217,375,0.728110599078341,positive
78,85,104,97,-0.0673076923076923,negative
85,96,459,448,-0.023965141612200435,negative
62,95,347,314,-0.09510086455331412,negative
120,94,463,489,0.056155507559395246,average
135,36,420,519,0.2357142857142857,positive
77,66,220,231,0.05,average
115,40,385,460,0.19480519480519481,positive
94,15,248,327,0.3185483870967742,positive
111,49,183,245,0.33879781420765026,positive
183,21,330,492,0.4909090909090909,positive
77,62,387,402,0.03875968992248062,average
77,80,260,257,-0.011538461538461539,negative
157,19,371,509,0.3719676549865229,positive
93,54,137,176,0.2846715328467153,average
133,26,325,432,0.3292307692307692,positive
79,35,241,285,0.1825726141078838,positive
124,94,391,421,0.07672634271099744,average
177,71,250,356,0.424,positive
141,55,213,299,0.40375586854460094,positive
178,73,336,441,0.3125,positive
170,11,165,324,0.9636363636363636,positive
76,63,460,473,0.02826086956521739,average
170,74,440,536,0.21818181818181817,positive
165,60,357,462,0.29411764705882354,positive
52,62,348,338,-0.028735632183908046,negative
152,45,430,537,0.24883720930232558,positive
186,35,422,573,0.3578199052132701,positive
111,38,279,352,0.2616487455197133,positive
100,30,289,359,0.2422145328719723,positive
108,20,253,341,0.34782608695652173,positive
167,49,295,413,0.4,positive
145,20,410,535,0.3048780487804878,positive
162,45,361,478,0.32409972299168976,positive
111,68,242,285,0.17768595041322313,average
101,48,441,494,0.12018140589569161,positive
61,63,415,413,-0.004819277108433735,negative
88,64,200,224,0.12,average
179,33,343,489,0.42565597667638483,positive
180,31,111,260,1.3423423423423424,positive
162,78,338,422,0.2485207100591716,positive
150,65,148,233,0.5743243243243243,positive
162,42,141,261,0.851063829787234,positive
130,45,265,350,0.32075471698113206,positive
162,29,181,314,0.7348066298342542,positive
51,92,390,349,-0.10512820512820513,negative
179,90,257,346,0.3463035019455253,average
103,71,315,347,0.10158730158730159,average
136,82,257,311,0.21011673151750973,average
178,35,233,376,0.6137339055793991,positive
196,75,166,287,0.7289156626506024,positive
175,82,435,528,0.21379310344827587,positive
179,82,106,203,0.9150943396226415,positive
102,49,113,166,0.4690265486725664,positive
117,26,172,263,0.5290697674418605,positive
172,10,498,660,0.3253012048192771,positive
194,98,262,358,0.366412213740458,average
87,70,165,182,0.10303030303030303,average
73,52,446,467,0.04708520179372197,average
118,51,229,296,0.2925764192139738,positive
165,34,305,436,0.42950819672131146,positive
147,48,375,474,0.264,positive
188,44,355,499,0.4056338028169014,positive
193,12,365,546,0.4958904109589041,positive
146,53,124,217,0.75,positive
173,60,380,493,0.29736842105263156,positive
119,21,352,450,0.2784090909090909,positive
142,28,409,523,0.2787286063569682,positive
52,53,388,387,-0.002577319587628866,negative
197,68,263,392,0.49049429657794674,positive
196,58,194,332,0.711340206185567,positive
139,70,369,438,0.18699186991869918,average
196,26,420,590,0.40476190476190477,positive
197,83,209,323,0.5454545454545454,positive
145,66,435,514,0.18160919540229886,positive
101,64,409,446,0.09046454767726161,average
177,56,337,458,0.3590504451038576,positive
88,21,480,547,0.13958333333333334,positive
131,71,486,546,0.12345679012345678,average
153,89,489,553,0.130879345603272,average
178,97,124,205,0.6532258064516129,average
60,92,240,208,-0.13333333333333333,negative
91,17,216,290,0.3425925925925926,positive
148,30,491,609,0.24032586558044808,positive
56,90,124,90,-0.27419354838709675,negative
193,96,178,275,0.5449438202247191,positive
139,89,167,217,0.2994011976047904,average
161,79,272,354,0.3014705882352941,positive
109,81,111,139,0.25225225225225223,average
162,34,387,515,0.330749354005168,positive
51,91,227,187,-0.1762114537444934,negative
178,98,195,275,0.41025641025641024,average
97,21,191,267,0.39790575916230364,positive
189,24,240,405,0.6875,positive
86,68,130,148,0.13846153846153847,average
58,35,433,456,0.053117782909930716,average
148,35,119,232,0.9495798319327731,positive
196,56,245,385,0.5714285714285714,positive
97,41,415,471,0.13493975903614458,positive
180,19,489,650,0.3292433537832311,positive
197,25,259,431,0.6640926640926641,positive
103,80,448,471,0.05133928571428571,average
169,26,142,285,1.0070422535211268,positive
165,32,353,486,0.37677053824362605,positive
124,35,229,318,0.388646288209607,positive
162,94,159,227,0.4276729559748428,average
153,95,250,308,0.232,average
133,16,386,503,0.30310880829015546,positive
161,23,104,242,1.3269230769230769,positive
148,88,365,425,0.1643835616438356,average
142,16,444,570,0.28378378378378377,positive
195,18,229,406,0.7729257641921398,positive
177,57,481,601,0.2494802494802495,positive
159,81,366,444,0.21311475409836064,average
131,68,277,340,0.22743682310469315,average
103,96,352,359,0.019886363636363636,average
117,91,155,181,0.16774193548387098,average
82,48,182,216,0.18681318681318682,average
191,27,492,656,0.3333333333333333,positive
70,68,198,200,0.010101010101010102,average
97,26,248,319,0.2862903225806452,positive
197,23,428,602,0.40654205607476634,positive
177,40,255,392,0.5372549019607843,positive
185,33,289,441,0.5259515570934256,positive
184,69,470,585,0.24468085106382978,positive
194,54,362,502,0.3867403314917127,positive
177,12,179,344,0.9217877094972067,positive
82,46,499,535,0.07214428857715431,average
164,52,351,463,0.3190883190883191,positive
168,49,196,315,0.6071428571428571,positive
71,99,359,331,-0.07799442896935933,negative
87,64,359,382,0.06406685236768803,average
158,96,202,264,0.3069306930693069,average
100,48,139,191,0.37410071942446044,positive
57,24,372,405,0.08870967741935484,positive
76,13,200,263,0.315,positive
76,95,458,439,-0.04148471615720524,negative
70,34,479,515,0.07515657620041753,positive
79,22,407,464,0.14004914004914004,positive
146,91,320,375,0.171875,average
77,42,407,442,0.085995085995086,average
160,25,223,358,0.6053811659192825,positive
110,51,330,389,0.1787878787878788,positive
97,75,277,299,0.07942238267148015,average
196,64,162,294,0.8148148148148148,positive
53,51,215,217,0.009302325581395349,average
84,43,290,331,0.1413793103448276,average
98,39,161,220,0.36645962732919257,positive
66,22,355,399,0.12394366197183099,positive
95,22,106,179,0.6886792452830188,positive
166,27,254,393,0.547244094488189,positive
55,41,191,205,0.07329842931937172,average
148,48,113,213,0.8849557522123894,positive
173,55,328,446,0.3597560975609756,positive
86,38,185,233,0.2594594594594595,positive
73,71,232,234,0.008620689655172414,average
142,71,282,353,0.25177304964539005,average
95,66,485,514,0.05979381443298969,average
144,25,161,280,0.7391304347826086,positive
148,65,318,401,0.2610062893081761,positive
165,19,345,491,0.42318840579710143,positive
116,39,329,406,0.23404255319148937,positive
177,34,178,321,0.8033707865168539,positive
67,93,248,222,-0.10483870967741936,negative
74,14,237,297,0.25316455696202533,positive
103,74,413,442,0.07021791767554479,average
107,58,475,524,0.1031578947368421,average
116,12,488,592,0.21311475409836064,positive
153,54,164,263,0.6036585365853658,positive
73,23,112,162,0.44642857142857145,positive
163,39,312,436,0.3974358974358974,positive
81,77,341,345,0.011730205278592375,average
135,27,312,420,0.34615384615384615,positive
176,71,280,385,0.375,positive
179,46,437,570,0.30434782608695654,positive
66,34,272,304,0.11764705882352941,average
153,57,259,355,0.37065637065637064,positive
186,74,263,375,0.42585551330798477,positive
92,62,287,317,0.10452961672473868,average
88,88,494,494,0.0,average
75,82,290,283,-0.02413793103448276,negative
148,24,407,531,0.3046683046683047,positive
99,58,355,396,0.11549295774647887,average
62,97,282,247,-0.12411347517730496,negative
109,77,216,248,0.14814814814814814,average
184,21,381,544,0.42782152230971127,positive
106,68,295,333,0.1288135593220339,average
85,46,133,172,0.2932330827067669,average
69,70,151,150,-0.006622516556291391,negative
114,52,211,273,0.2938388625592417,positive
57,79,351,329,-0.06267806267806268,negative
193,48,181,326,0.8011049723756906,positive
191,65,331,457,0.3806646525679758,positive
164,72,326,418,0.2822085889570552,positive
192,55,332,469,0.4126506024096386,positive
141,97,320,364,0.1375,average
147,20,141,268,0.900709219858156,positive
115,71,120,164,0.36666666666666664,average
81,86,141,136,-0.03546099290780142,negative
135,34,496,597,0.20362903225806453,positive
100,80,212,232,0.09433962264150944,average
112,61,204,255,0.25,average
174,13,291,452,0.5532646048109966,positive
199,68,116,247,1.1293103448275863,positive
107,81,219,245,0.1187214611872146,average
107,29,492,570,0.15853658536585366,positive
135,72,228,291,0.27631578947368424,average
98,63,229,264,0.15283842794759825,average
119,83,159,195,0.22641509433962265,average
64,66,147,145,-0.013605442176870748,negative
103,99,128,132,0.03125,average
150,50,196,296,0.5102040816326531,positive
57,12,109,154,0.41284403669724773,positive
102,15,341,428,0.25513196480938416,positive
109,14,413,508,0.23002421307506055,positive
157,14,331,474,0.43202416918429004,positive
54,63,376,367,-0.023936170212765957,negative
152,56,383,479,0.2506527415143603,positive
55,96,302,261,-0.1357615894039735,negative
158,58,346,446,0.28901734104046245,positive
165,18,389,536,0.37789203084832906,positive
143,29,363,477,0.3140495867768595,positive
96,70,313,339,0.08306709265175719,average
148,44,299,403,0.34782608695652173,positive
104,59,178,223,0.25280898876404495,average
101,91,442,452,0.02262443438914027,average
193,71,443,565,0.27539503386004516,positive
62,26,272,308,0.1323529411764706,positive
163,97,168,234,0.39285714285714285,average
173,12,186,347,0.8655913978494624,positive
155,41,200,314,0.57,positive
196,22,107,281,1.6261682242990654,positive
194,98,432,528,0.2222222222222222,average
169,82,299,386,0.2909698996655518,positive
112,77,186,221,0.1881720430107527,average
68,23,142,187,0.31690140845070425,positive
141,20,484,605,0.25,positive
107,65,208,250,0.20192307692307693,average
139,76,251,314,0.250996015936255,average
166,38,116,244,1.103448275862069,positive
111,18,232,325,0.40086206896551724,positive
72,76,247,243,-0.016194331983805668,negative
176,34,376,518,0.3776595744680851,positive
186,85,331,432,0.30513595166163143,positive
189,51,413,551,0.3341404358353511,positive
178,18,465,625,0.34408602150537637,positive
107,88,327,346,0.0581039755351682,average
171,49,238,360,0.5126050420168067,positive
50,34,498,514,0.0321285140562249,average
83,14,310,379,0.22258064516129034,positive
145,20,490,615,0.25510204081632654,positive
175,68,127,234,0.84251968503937,positive
167,97,150,220,0.4666666666666667,average
97,88,360,369,0.025,average
138,47,360,451,0.25277777777777777,positive
166,81,449,534,0.18930957683741648,positive
178,14,451,615,0.36363636363636365,positive
65,57,107,115,0.07476635514018691,average
118,99,419,438,0.045346062052505964,average
71,27,237,281,0.18565400843881857,positive
142,79,137,200,0.45985401459854014,average
125,46,210,289,0.3761904761904762,positive
193,69,467,591,0.26552462526766596,positive
135,57,319,397,0.2445141065830721,positive
78,86,436,428,-0.01834862385321101,negative
118,37,322,403,0.2515527950310559,positive
96,78,235,253,0.07659574468085106,average
143,86,355,412,0.16056338028169015,average
193,90,459,562,0.22440087145969498,positive
134,49,428,513,0.1985981308411215,positive
88,54,148,182,0.22972972972972974,average
149,71,391,469,0.19948849104859334,positive
82,67,481,496,0.031185031185031187,average
150,76,423,497,0.17494089834515367,average
72,65,177,184,0.03954802259887006,average
59,49,204,214,0.049019607843137254,average
118,49,268,337,0.2574626865671642,positive
149,86,316,379,0.19936708860759494,average
83,42,477,518,0.0859538784067086,average
187,15,218,390,0.7889908256880734,positive
196,97,289,388,0.34256055363321797,positive
145,28,354,471,0.3305084745762712,positive
50,89,469,430,-0.08315565031982942,negative
118,49,365,434,0.18904109589041096,positive
53,68,248,233,-0.06048387096774194,negative
65,68,263,260,-0.011406844106463879,negative
73,57,239,255,0.06694560669456066,average
129,50,446,525,0.17713004484304934,positive
51,22,357,386,0.08123249299719888,positive
177,54,473,596,0.26004228329809725,positive
133,98,368,403,0.09510869565217392,average
189,62,280,407,0.45357142857142857,positive
173,51,259,381,0.47104247104247104,positive
82,72,450,460,0.022222222222222223,average
150,36,499,613,0.22845691382765532,positive
61,47,387,401,0.03617571059431524,average
116,69,387,434,0.12144702842377261,average
114,16,479,577,0.2045929018789144,positive
123,14,325,434,0.3353846153846154,positive
92,54,110,148,0.34545454545454546,average
93,67,109,135,0.23853211009174313,average
78,40,370,408,0.10270270270270271,average
190,32,372,530,0.42473118279569894,positive
61,51,282,292,0.03546099290780142,average
144,19,252,377,0.49603174603174605,positive
95,41,414,468,0.13043478260869565,positive
179,62,433,550,0.2702078521939954,positive
84,39,223,268,0.20179372197309417,positive
130,48,213,295,0.38497652582159625,positive
139,40,377,476,0.2625994694960212,positive
57,91,312,278,-0.10897435897435898,negative
142,11,271,402,0.4833948339483395,positive
139,87,387,439,0.1343669250645995,average
164,86,273,351,0.2857142857142857,average
154,21,212,345,0.6273584905660378,positive
184,48,475,611,0.2863157894736842,positive
107,75,221,253,0.14479638009049775,average
163,22,131,272,1.0763358778625953,positive
124,55,321,390,0.21495327102803738,positive
169,36,218,351,0.6100917431192661,positive
70,26,138,182,0.3188405797101449,positive
187,69,367,485,0.3215258855585831,positive
150,73,332,409,0.2319277108433735,positive
148,97,117,168,0.4358974358974359,average
85,44,248,289,0.16532258064516128,average
145,79,496,562,0.13306451612903225,average
86,92,248,242,-0.024193548387096774,negative
61,39,225,247,0.09777777777777778,average
162,80,491,573,0.1670061099796334,positive
62,83,401,380,-0.05236907730673317,negative
72,72,459,459,0.0,average
148,37,337,448,0.3293768545994065,positive
154,69,234,319,0.36324786324786323,positive
79,88,250,241,-0.036,negative
66,46,335,355,0.05970149253731343,average
162,31,323,454,0.4055727554179567,positive
111,77,302,336,0.11258278145695365,average
133,29,355,459,0.29295774647887324,positive
161,77,185,269,0.4540540540540541,positive
135,73,249,311,0.24899598393574296,average
190,26,334,498,0.49101796407185627,positive
68,21,444,491,0.10585585585585586,positive
149,31,121,239,0.9752066115702479,positive
189,26,447,610,0.36465324384787473,positive
196,19,384,561,0.4609375,positive
125,74,368,419,0.13858695652173914,average
58,31,357,384,0.07563025210084033,average
77,99,128,106,-0.171875,negative
177,91,312,398,0.27564102564102566,average
101,59,382,424,0.1099476439790576,average
132,23,149,258,0.7315436241610739,positive
160,73,194,281,0.4484536082474227,positive
193,56,187,324,0.732620320855615,positive
166,38,143,271,0.8951048951048951,positive
118,85,377,410,0.08753315649867374,average
148,45,270,373,0.3814814814814815,positive
189,61,288,416,0.4444444444444444,positive
74,85,452,441,-0.024336283185840708,negative
172,16,283,439,0.5512367491166078,positive
102,38,102,166,0.6274509803921569,positive
193,20,290,463,0.596551724137931,positive
106,42,217,281,0.29493087557603687,positive
88,15,118,191,0.6186440677966102,positive
158,88,122,192,0.5737704918032787,average
91,41,129,179,0.3875968992248062,positive
191,60,394,525,0.33248730964467005,positive
171,84,207,294,0.42028985507246375,positive
182,67,466,581,0.24678111587982832,positive
124,96,380,408,0.07368421052631578,average
195,35,227,387,0.7048458149779736,positive
125,55,328,398,0.21341463414634146,positive
58,38,210,230,0.09523809523809523,average
123,13,235,345,0.46808510638297873,positive
194,90,461,565,0.22559652928416485,positive
56,22,285,319,0.11929824561403508,positive
190,48,243,385,0.5843621399176955,positive
186,24,171,333,0.9473684210526315,positive
76,38,228,266,0.16666666666666666,average
171,38,463,596,0.28725701943844495,positive
54,84,360,330,-0.08333333333333333,negative
78,41,102,139,0.3627450980392157,average
132,11,487,608,0.24845995893223818,positive
185,56,203,332,0.6354679802955665,positive
158,87,323,394,0.21981424148606812,average
114,93,419,440,0.050119331742243436,average
135,31,461,565,0.22559652928416485,positive
194,84,453,563,0.24282560706401765,positive
120,36,109,193,0.7706422018348624,positive
94,76,483,501,0.037267080745341616,average
181,90,401,492,0.22693266832917705,positive
85,65,330,350,0.06060606060606061,average
119,30,318,407,0.279874213836478,positive
68,56,165,177,0.07272727272727272,average
157,89,211,279,0.3222748815165877,average
140,68,112,184,0.6428571428571429,positive
139,93,492,538,0.09349593495934959,average
68,15,185,238,0.2864864864864865,positive
88,28,333,393,0.18018018018018017,positive
175,66,189,298,0.5767195767195767,positive
190,78,413,525,0.2711864406779661,positive
175,12,153,316,1.065359477124183,positive
107,10,111,208,0.8738738738738738,positive
197,67,308,438,0.42207792207792205,positive
110,47,113,176,0.5575221238938053,positive
176,24,220,372,0.6909090909090909,positive
154,43,476,587,0.23319327731092437,positive
50,70,119,99,-0.16806722689075632,negative
180,44,174,310,0.7816091954022989,positive
141,73,499,567,0.13627254509018036,average
162,34,342,470,0.3742690058479532,positive
105,33,322,394,0.2236024844720497,positive
166,21,169,314,0.8579881656804734,positive
183,27,411,567,0.3795620437956204,positive
107,24,310,393,0.267741935483871,positive
93,89,200,204,0.02,average
110,36,285,359,0.2596491228070175,positive
96,81,231,246,0.06493506493506493,average
198,69,210,339,0.6142857142857143,positive
129,55,480,554,0.15416666666666667,positive
167,98,231,300,0.2987012987012987,average
196,26,119,289,1.4285714285714286,positive
69,62,493,500,0.014198782961460446,average
195,17,123,301,1.4471544715447155,positive
96,88,326,334,0.024539877300613498,average
98,36,253,315,0.2450592885375494,positive
63,55,392,400,0.02040816326530612,average
192,59,329,462,0.40425531914893614,positive
50,80,409,379,-0.07334963325183375,negative
166,12,458,612,0.33624454148471616,positive
103,73,301,331,0.09966777408637874,average
167,53,137,251,0.8321167883211679,positive
52,62,359,349,-0.027855153203342618,negative
193,33,287,447,0.5574912891986062,positive
61,69,156,148,-0.05128205128205128,negative
123,12,119,230,0.9327731092436975,positive
65,29,372,408,0.0967741935483871,positive
151,55,218,314,0.44036697247706424,positive
166,24,170,312,0.8352941176470589,positive
57,34,103,126,0.22330097087378642,average
171,87,320,404,0.2625,average
141,80,113,174,0.5398230088495575,average
139,26,102,215,1.107843137254902,positive
185,93,315,407,0.2920634920634921,average
109,18,328,419,0.2774390243902439,positive
77,47,435,465,0.06896551724137931,average
150,57,285,378,0.3263157894736842,positive
90,69,154,175,0.13636363636363635,average
194,72,487,609,0.25051334702258726,positive
190,95,475,570,0.2,average
95,11,353,437,0.23796033994334279,positive
84,97,123,110,-0.10569105691056911,negative
183,81,261,363,0.39080459770114945,positive
131,20,257,368,0.43190661478599224,positive
164,73,181,272,0.5027624309392266,positive
96,86,258,268,0.03875968992248062,average
59,90,287,256,-0.10801393728222997,negative
105,81,159,183,0.1509433962264151,average
79,30,404,453,0.12128712871287128,positive
158,27,418,549,0.3133971291866029,positive
54,73,465,446,-0.04086021505376344,negative
168,91,310,387,0.24838709677419354,average
82,47,251,286,0.1394422310756972,average
167,41,208,334,0.6057692307692307,positive
114,20,175,269,0.5371428571428571,positive
195,54,129,270,1.0930232558139534,positive
60,98,413,375,-0.09200968523002422,negative
134,42,216,308,0.42592592592592593,positive
75,50,455,480,0.054945054945054944,average
112,17,291,386,0.32646048109965636,positive
135,20,118,233,0.9745762711864406,positive
108,95,272,285,0.04779411764705882,average
76,60,327,343,0.04892966360856269,average
147,97,449,499,0.111358574610245,average
154,50,282,386,0.36879432624113473,positive
148,26,212,334,0.5754716981132075,positive
178,85,282,375,0.32978723404255317,positive
198,55,245,388,0.5836734693877551,positive
104,41,418,481,0.1507177033492823,positive
55,88,215,182,-0.15348837209302327,negative
144,89,212,267,0.25943396226415094,average
182,63,350,469,0.34,positive
151,95,350,406,0.16,average
52,29,402,425,0.05721393034825871,average
72,42,412,442,0.07281553398058252,average
102,83,217,236,0.08755760368663594,average
132,49,400,483,0.2075,positive
194,41,260,413,0.5884615384615385,positive
134,11,297,420,0.41414141414141414,positive
127,42,359,444,0.23676880222841226,positive
159,86,247,320,0.29554655870445345,average
50,39,339,350,0.032448377581120944,average
100,42,146,204,0.3972602739726027,positive
53,86,498,465,-0.06626506024096386,negative
162,35,297,424,0.4276094276094276,positive
81,31,146,196,0.3424657534246575,positive
83,75,177,185,0.04519774011299435,average
141,47,223,317,0.42152466367713004,positive
144,99,174,219,0.25862068965517243,average
121,55,458,524,0.14410480349344978,positive
88,24,236,300,0.2711864406779661,positive
167,53,189,303,0.6031746031746031,positive
52,58,499,493,-0.012024048096192385,negative
172,84,424,512,0.20754716981132076,positive
99,70,160,189,0.18125,average
61,76,237,222,-0.06329113924050633,negative
103,15,149,237,0.5906040268456376,positive
182,18,358,522,0.4581005586592179,positive
106,15,206,297,0.441747572815534,positive
194,82,212,324,0.5283018867924528,positive
161,41,449,569,0.267260579064588,positive
96,50,353,399,0.13031161473087818,average
134,85,217,266,0.22580645161290322,average
191,17,297,471,0.5858585858585859,positive
115,81,436,470,0.0779816513761468,average
124,59,464,529,0.1400862068965517,positive
152,71,150,231,0.54,positive
87,93,344,338,-0.01744186046511628,negative
99,71,134,162,0.208955223880597,average
147,16,401,532,0.3266832917705736,positive
131,84,168,215,0.27976190476190477,average
79,93,448,434,-0.03125,negative
128,89,419,458,0.09307875894988067,average
140,13,148,275,0.8581081081081081,positive
101,15,173,259,0.49710982658959535,positive
128,67,291,352,0.20962199312714777,average
79,31,360,408,0.13333333333333333,positive
155,35,455,575,0.26373626373626374,positive
100,12,169,257,0.5207100591715976,positive
130,50,189,269,0.42328042328042326,positive
182,69,359,472,0.3147632311977716,positive
78,23,225,280,0.24444444444444444,positive
181,84,330,427,0.29393939393939394,positive
187,91,394,490,0.2436548223350254,positive
194,21,228,401,0.7587719298245614,positive
123,96,379,406,0.0712401055408971,average
66,21,412,457,0.10922330097087378,positive
133,22,199,310,0.5577889447236181,positive
118,34,425,509,0.1976470588235294,positive
83,54,396,425,0.07323232323232323,average
55,28,281,308,0.09608540925266904,average
102,64,273,311,0.1391941391941392,average
175,54,415,536,0.29156626506024097,positive
92,17,463,538,0.16198704103671707,positive
164,62,287,389,0.3554006968641115,positive
160,64,156,252,0.6153846153846154,positive
129,41,130,218,0.676923076923077,positive
144,60,183,267,0.45901639344262296,positive
167,53,251,365,0.4541832669322709,positive
193,91,135,237,0.7555555555555555,positive
57,79,312,290,-0.07051282051282051,negative
181,27,463,617,0.3326133909287257,positive
153,92,205,266,0.2975609756097561,average
181,31,441,591,0.3401360544217687,positive
74,46,319,347,0.0877742946708464,average
145,65,490,570,0.16326530612244897,positive
142,68,262,336,0.2824427480916031,positive
110,12,319,417,0.3072100313479624,positive
171,37,369,503,0.36314363143631434,positive
100,83,219,236,0.0776255707762557,average
196,44,493,645,0.30831643002028397,positive
70,70,435,435,0.0,average
54,63,499,490,-0.018036072144288578,negative
141,72,281,350,0.24555160142348753,average
110,88,205,227,0.1073170731707317,average
71,16,316,371,0.17405063291139242,positive
198,85,304,417,0.3717105263157895,positive
119,58,169,230,0.3609467455621302,positive
50,94,143,99,-0.3076923076923077,negative
182,40,428,570,0.3317757009345794,positive
61,67,400,394,-0.015,negative
139,70,327,396,0.21100917431192662,average
95,33,283,345,0.21908127208480566,positive
83,29,206,260,0.2621359223300971,positive
127,46,183,264,0.4426229508196721,positive
94,13,437,518,0.1853546910755149,positive
122,29,349,442,0.2664756446991404,positive
75,69,462,468,0.012987012987012988,average
96,33,120,183,0.525,positive
170,59,295,406,0.376271186440678,positive
105,58,277,324,0.16967509025270758,average
143,60,106,189,0.7830188679245284,positive
156,45,169,280,0.6568047337278107,positive
112,75,226,263,0.16371681415929204,average
97,88,498,507,0.018072289156626505,average
110,43,259,326,0.25868725868725867,positive
130,45,347,432,0.24495677233429394,positive
75,15,302,362,0.1986754966887417,positive
85,48,247,284,0.14979757085020243,average
50,51,242,241,-0.004132231404958678,negative
57,67,298,288,-0.03355704697986577,negative
162,21,253,394,0.5573122529644269,positive
148,12,475,611,0.2863157894736842,positive
96,27,483,552,0.14285714285714285,positive
176,49,241,368,0.5269709543568465,positive
105,30,412,487,0.1820388349514563,positive
63,24,264,303,0.14772727272727273,positive
77,35,413,455,0.1016949152542373,positive
127,17,120,230,0.9166666666666666,positive
179,96,181,264,0.4585635359116022,average
158,51,168,275,0.6369047619047619,positive
63,53,230,240,0.043478260869565216,average
105,23,186,268,0.44086021505376344,positive
164,87,317,394,0.24290220820189273,average
56,11,404,449,0.11138613861386139,positive
52,46,470,476,0.01276595744680851,average
160,78,444,526,0.18468468468468469,positive
156,47,440,549,0.24772727272727274,positive
67,50,483,500,0.035196687370600416,average
87,71,495,511,0.03232323232323232,average
164,69,260,355,0.36538461538461536,positive
64,23,277,318,0.148014440433213,positive
168,98,216,286,0.32407407407407407,average
77,93,295,279,-0.05423728813559322,negative
88,11,482,559,0.15975103734439833,positive
66,79,426,413,-0.03051643192488263,negative
135,26,185,294,0.5891891891891892,positive
175,98,388,465,0.19845360824742267,average
93,37,180,236,0.3111111111111111,positive
74,75,251,250,-0.00398406374501992,negative
194,44,160,310,0.9375,positive
62,14,160,208,0.3,positive
74,74,453,453,0.0,average
117,49,127,195,0.5354330708661418,positive
187,85,142,244,0.7183098591549296,positive
116,65,268,319,0.19029850746268656,average
158,45,185,298,0.6108108108108108,positive
195,54,276,417,0.5108695652173914,positive
160,32,116,244,1.103448275862069,positive
160,56,197,301,0.5279187817258884,positive
83,40,297,340,0.1447811447811448,positive
160,20,197,337,0.7106598984771574,positive
57,19,164,202,0.23170731707317074,positive
162,76,429,515,0.20046620046620048,positive
132,23,440,549,0.24772727272727274,positive
91,89,104,106,0.019230769230769232,average
150,83,101,168,0.6633663366336634,average
55,19,121,157,0.2975206611570248,positive
75,85,211,201,-0.04739336492890995,negative
113,10,156,259,0.6602564102564102,positive
108,14,165,259,0.5696969696969697,positive
158,29,429,558,0.3006993006993007,positive
170,17,197,350,0.7766497461928934,positive
82,52,243,273,0.12345679012345678,average
199,85,467,581,0.24411134903640258,positive
70,10,224,284,0.26785714285714285,positive
119,66,266,319,0.19924812030075187,average
161,73,185,273,0.4756756756756757,positive
53,93,175,135,-0.22857142857142856,negative
143,37,443,549,0.23927765237020315,positive
124,46,393,471,0.1984732824427481,positive
111,56,158,213,0.34810126582278483,average
143,85,237,295,0.24472573839662448,average
144,46,198,296,0.494949494949495,positive
104,58,291,337,0.15807560137457044,average
186,53,342,475,0.3888888888888889,positive
180,65,418,533,0.2751196172248804,positive
80,37,148,191,0.2905405405405405,positive
89,88,131,132,0.007633587786259542,average
85,15,490,560,0.14285714285714285,positive
55,70,376,361,-0.0398936170212766,negative
115,29,119,205,0.7226890756302521,positive
124,87,253,290,0.14624505928853754,average
53,11,482,524,0.08713692946058091,positive
128,82,167,213,0.2754491017964072,average
183,46,465,602,0.2946236559139785,positive
167,29,471,609,0.2929936305732484,positive
162,35,313,440,0.4057507987220447,positive
143,38,242,347,0.43388429752066116,positive
111,10,475,576,0.21263157894736842,positive
128,44,331,415,0.2537764350453172,positive
185,79,312,418,0.33974358974358976,positive
75,68,178,185,0.03932584269662921,average
93,78,313,328,0.04792332268370607,average
182,42,215,355,0.6511627906976745,positive
119,60,191,250,0.3089005235602094,average
167,87,369,449,0.21680216802168023,average
117,21,480,576,0.2,positive
68,29,267,306,0.14606741573033707,positive
69,62,157,164,0.044585987261146494,average
162,97,383,448,0.16971279373368145,average
189,52,125,262,1.096,positive
96,98,468,466,-0.004273504273504274,negative
50,59,165,156,-0.05454545454545454,negative
139,38,347,448,0.2910662824207493,positive
191,66,353,478,0.35410764872521244,positive
113,48,486,551,0.1337448559670782,positive
87,65,143,165,0.15384615384615385,average
86,52,196,230,0.17346938775510204,average
175,59,141,257,0.8226950354609929,positive
188,32,326,482,0.4785276073619632,positive
149,53,361,457,0.2659279778393352,positive
126,47,266,345,0.29699248120300753,positive
52,93,378,337,-0.10846560846560846,negative
183,32,188,339,0.8031914893617021,positive
59,54,478,483,0.010460251046025104,average
54,61,277,270,-0.02527075812274368,negative
187,89,296,394,0.3310810810810811,positive
179,59,406,526,0.2955665024630542,positive
62,17,366,411,0.12295081967213115,positive
179,94,367,452,0.23160762942779292,average
133,10,173,296,0.7109826589595376,positive
114,17,107,204,0.9065420560747663,positive
112,38,396,470,0.18686868686868688,positive
150,14,263,399,0.5171102661596958,positive
122,95,184,211,0.14673913043478262,average
66,56,171,181,0.05847953216374269,average
58,43,154,169,0.09740259740259741,average
192,74,492,610,0.23983739837398374,positive
87,64,146,169,0.15753424657534246,average
143,99,498,542,0.08835341365461848,average
144,52,337,429,0.27299703264094954,positive
98,83,203,218,0.07389162561576355,average
118,39,309,388,0.255663430420712,positive
111,91,141,161,0.14184397163120568,average
127,26,415,516,0.2433734939759036,positive
166,35,367,498,0.3569482288828338,positive
169,17,485,637,0.3134020618556701,positive
186,56,362,492,0.35911602209944754,positive
125,85,435,475,0.09195402298850575,average
84,81,486,489,0.006172839506172839,average
50,98,464,416,-0.10344827586206896,negative
89,55,358,392,0.09497206703910614,average
113,77,382,418,0.09424083769633508,average
199,42,213,370,0.7370892018779343,positive
109,10,462,561,0.21428571428571427,positive
113,28,139,224,0.6115107913669064,positive
142,40,319,421,0.31974921630094044,positive
121,89,228,260,0.14035087719298245,average
60,23,107,144,0.34579439252336447,positive
154,62,200,292,0.46,positive
63,57,479,485,0.012526096033402923,average
109,78,275,306,0.11272727272727273,average
79,99,206,186,-0.0970873786407767,negative
84,71,200,213,0.065,average
54,75,359,338,-0.0584958217270195,negative
132,73,465,524,0.12688172043010754,average
172,79,345,438,0.26956521739130435,positive
127,72,374,429,0.14705882352941177,average
111,82,131,160,0.22137404580152673,average
181,42,236,375,0.5889830508474576,positive
138,50,111,199,0.7927927927927928,positive
91,98,494,487,-0.01417004048582996,negative
138,57,401,482,0.20199501246882792,positive
195,22,474,647,0.3649789029535865,positive
89,82,115,122,0.06086956521739131,average
121,86,228,263,0.15350877192982457,average
88,40,162,210,0.2962962962962963,positive
153,84,208,277,0.3317307692307692,average
63,77,474,460,-0.029535864978902954,negative
81,13,120,188,0.5666666666666667,positive
174,28,257,403,0.5680933852140078,positive
146,79,368,435,0.18206521739130435,average
72,91,261,242,-0.07279693486590039,negative
112,22,359,449,0.25069637883008355,positive
192,32,201,361,0.7960199004975125,positive
194,92,322,424,0.3167701863354037,positive
102,84,158,176,0.11392405063291139,average
153,10,346,489,0.41329479768786126,positive
153,97,227,283,0.24669603524229075,average
88,63,382,407,0.06544502617801047,average
183,80,424,527,0.2429245283018868,positive
116,98,124,142,0.14516129032258066,average
184,94,230,320,0.391304347826087,average
91,24,452,519,0.14823008849557523,positive
64,74,295,285,-0.03389830508474576,negative
160,85,380,455,0.19736842105263158,average
82,80,253,255,0.007905138339920948,average
87,24,481,544,0.13097713097713098,positive
146,30,232,348,0.5,positive
82,28,326,380,0.1656441717791411,positive
135,69,288,354,0.22916666666666666,average
115,98,364,381,0.046703296703296704,average
59,42,471,488,0.036093418259023353,average
54,58,233,229,-0.017167381974248927,negative
172,44,310,438,0.4129032258064516,positive
123,53,159,229,0.44025157232704404,positive
146,99,476,523,0.09873949579831932,average
167,20,494,641,0.2975708502024291,positive
87,81,463,469,0.012958963282937365,average
190,87,463,566,0.2224622030237581,positive
96,83,312,325,0.041666666666666664,average
158,75,315,398,0.2634920634920635,positive
64,55,325,334,0.027692307692307693,average
185,18,230,397,0.7260869565217392,positive
54,12,175,217,0.24,positive
96,94,385,387,0.005194805194805195,average
117,35,376,458,0.21808510638297873,positive
125,81,255,299,0.17254901960784313,average
179,57,347,469,0.3515850144092219,positive
144,75,317,386,0.21766561514195584,average
164,79,289,374,0.29411764705882354,positive
85,37,262,310,0.183206106870229,positive
75,35,279,319,0.14336917562724014,positive
92,34,133,191,0.43609022556390975,positive
76,21,140,195,0.39285714285714285,positive
118,14,406,510,0.2561576354679803,positive
197,57,437,577,0.32036613272311215,positive
60,46,413,427,0.03389830508474576,average
123,88,174,209,0.20114942528735633,average
153,53,378,478,0.26455026455026454,positive
87,24,275,338,0.2290909090909091,positive
183,52,483,614,0.2712215320910973,positive
72,57,249,264,0.060240963855421686,average
96,96,372,372,0.0,average
139,79,424,484,0.14150943396226415,average
95,55,207,247,0.1932367149758454,average
156,52,238,342,0.4369747899159664,positive
189,30,449,608,0.35412026726057905,positive
190,32,370,528,0.42702702702702705,positive
153,89,446,510,0.14349775784753363,average
160,56,388,492,0.26804123711340205,positive
153,24,311,440,0.41479099678456594,positive
109,34,480,555,0.15625,positive
149,45,371,475,0.2803234501347709,positive
117,84,165,198,0.2,average
182,60,347,469,0.3515850144092219,positive
169,24,255,400,0.5686274509803921,positive
86,77,146,155,0.06164383561643835,average
121,30,300,391,0.30333333333333334,positive
176,22,247,401,0.6234817813765182,positive
155,95,223,283,0.26905829596412556,average
141,28,100,213,1.13,positive
80,43,346,383,0.1069364161849711,average
171,87,442,526,0.19004524886877827,average
186,77,227,336,0.4801762114537445,positive
100,61,290,329,0.13448275862068965,average
78,36,166,208,0.25301204819277107,positive
89,38,103,154,0.49514563106796117,positive
90,37,402,455,0.1318407960199005,positive
60,44,393,409,0.04071246819338423,average
50,17,242,275,0.13636363636363635,positive
95,25,290,360,0.2413793103448276,positive
150,45,120,225,0.875,positive
198,39,326,485,0.48773006134969327,positive
139,27,412,524,0.27184466019417475,positive
159,11,216,364,0.6851851851851852,positive
106,58,401,449,0.11970074812967581,average
50,86,241,205,-0.14937759336099585,negative
112,13,138,237,0.717391304347826,positive
104,99,492,497,0.01016260162601626,average
164,98,454,520,0.14537444933920704,average
192,84,351,459,0.3076923076923077,positive
198,16,432,614,0.4212962962962963,positive
102,83,306,325,0.06209150326797386,average
186,48,309,447,0.44660194174757284,positive
106,22,214,298,0.3925233644859813,positive
166,40,324,450,0.3888888888888889,positive
84,80,233,237,0.017167381974248927,average
112,72,350,390,0.11428571428571428,average
74,65,318,327,0.02830188679245283,average
139,51,190,278,0.4631578947368421,positive
124,70,453,507,0.11920529801324503,average
87,51,475,511,0.07578947368421053,average
179,65,145,259,0.7862068965517242,positive
184,45,137,276,1.0145985401459854,positive
140,93,241,288,0.1950207468879668,average
66,77,199,188,-0.05527638190954774,negative
177,16,427,588,0.3770491803278688,positive
157,63,289,383,0.32525951557093424,positive
74,10,134,198,0.47761194029850745,positive
137,53,246,330,0.34146341463414637,positive
78,54,129,153,0.18604651162790697,average
112,56,433,489,0.12933025404157045,average
199,22,183,360,0.9672131147540983,positive
163,31,468,600,0.28205128205128205,positive
98,30,380,448,0.17894736842105263,positive
130,95,443,478,0.07900677200902935,average
133,18,369,484,0.3116531165311653,positive
154,35,253,372,0.47035573122529645,positive
197,18,201,380,0.8905472636815921,positive
167,24,314,457,0.4554140127388535,positive
135,19,249,365,0.46586345381526106,positive
112,97,182,197,0.08241758241758242,average
153,51,209,311,0.4880382775119617,positive
98,81,486,503,0.03497942386831276,average
120,33,374,461,0.232620320855615,positive
50,89,300,261,-0.13,negative
190,58,383,515,0.34464751958224543,positive
172,35,272,409,0.5036764705882353,positive
111,46,426,491,0.15258215962441316,positive
81,77,305,309,0.013114754098360656,average
78,59,162,181,0.11728395061728394,average
